opaque_group_id	opaque_run_id	replicate	public_decoder_phase_index	public_decoder_phase_radians	physical_mapping	mapping_order	source_execution_order	subcapture_order	public_randomized_execution_ordinal
grp_06_633970da91540328	run_70f457d4d9130f8a	0	2	3.14159265359	map0	order_a	neg_first	pos_then_neg	0
grp_05_c76e609d13a83a1a	run_b08cd5bb8f8f6bdd	0	2	3.14159265359	map1	order_a	neg_first	pos_then_neg	1
grp_03_287d4b79bfbf43f9	run_79045fc259084ca8	1	0	0.0	map1	order_b	pos_first	pos_then_neg	2
grp_00_4bfc26fe48a88347	run_480982d448ba85d5	1	0	0.0	map1	order_a	neg_first	neg_then_pos	3
grp_01_cc133f9b3c9e0c18	run_7f239c7eeea5edd2	1	2	3.14159265359	map1	order_b	neg_first	neg_then_pos	4
grp_07_b9c2d548cff6c451	run_6b5a7615528e8b81	0	2	3.14159265359	map1	order_a	neg_first	neg_then_pos	5
grp_08_0d3d86f61709ad2b	run_7c0e793b4a1f80b0	1	2	3.14159265359	map1	order_a	pos_first	neg_then_pos	6
grp_08_0d3d86f61709ad2b	run_e6f14210ce3f8e69	1	3	4.712388980385	map0	order_a	neg_first	neg_then_pos	7
grp_07_b9c2d548cff6c451	run_23b8919e0845e24f	1	2	3.14159265359	map1	order_b	pos_first	neg_then_pos	8
grp_07_b9c2d548cff6c451	run_eaedf6a0729027d7	0	1	1.570796326795	map1	order_a	pos_first	neg_then_pos	9
grp_00_4bfc26fe48a88347	run_aee339a62e32141c	1	3	4.712388980385	map1	order_b	neg_first	neg_then_pos	10
grp_08_0d3d86f61709ad2b	run_6cb53142b071294a	1	0	0.0	map0	order_a	neg_first	pos_then_neg	11
grp_05_c76e609d13a83a1a	run_f4945db203146bfe	1	3	4.712388980385	map1	order_a	pos_first	pos_then_neg	12
grp_03_287d4b79bfbf43f9	run_b007199215063b47	0	0	0.0	map0	order_a	pos_first	pos_then_neg	13
grp_03_287d4b79bfbf43f9	run_e63210de19855e6e	1	2	3.14159265359	map1	order_b	neg_first	neg_then_pos	14
grp_08_0d3d86f61709ad2b	run_206805540cd694ee	1	1	1.570796326795	map1	order_b	neg_first	pos_then_neg	15
grp_02_52d04fb211b13665	run_7bb37397ea1e568a	0	0	0.0	map1	order_a	pos_first	neg_then_pos	16
grp_02_52d04fb211b13665	run_51da49260c0131cf	0	1	1.570796326795	map1	order_a	neg_first	neg_then_pos	17
grp_00_4bfc26fe48a88347	run_85e3b36351d8a3ef	0	0	0.0	map0	order_a	neg_first	neg_then_pos	18
grp_02_52d04fb211b13665	run_91d302067a2def26	1	1	1.570796326795	map0	order_a	neg_first	pos_then_neg	19
grp_01_cc133f9b3c9e0c18	run_c3f1d450cec185a9	0	3	4.712388980385	map1	order_b	neg_first	neg_then_pos	20
grp_04_5e768b20c101a193	run_d6a1c2966fdd4cf7	1	3	4.712388980385	map0	order_b	pos_first	pos_then_neg	21
grp_05_c76e609d13a83a1a	run_7995ef1b4c7a3f22	0	3	4.712388980385	map0	order_a	pos_first	pos_then_neg	22
grp_03_287d4b79bfbf43f9	run_f14083fec31ff186	0	1	1.570796326795	map0	order_b	pos_first	neg_then_pos	23
grp_08_0d3d86f61709ad2b	run_4b0ae91e2c6d3b6d	0	0	0.0	map0	order_a	pos_first	pos_then_neg	24
grp_07_b9c2d548cff6c451	run_c5f3eaed9cf75a95	0	0	0.0	map1	order_a	neg_first	pos_then_neg	25
grp_07_b9c2d548cff6c451	run_acabac0886a8283b	1	1	1.570796326795	map1	order_a	pos_first	neg_then_pos	26
grp_02_52d04fb211b13665	run_0148e9699b802360	0	2	3.14159265359	map1	order_b	pos_first	neg_then_pos	27
grp_02_52d04fb211b13665	run_45796750a38494bc	1	2	3.14159265359	map1	order_a	pos_first	neg_then_pos	28
grp_08_0d3d86f61709ad2b	run_2f63544c506e531e	1	0	0.0	map1	order_a	pos_first	neg_then_pos	29
grp_02_52d04fb211b13665	run_ec5322ae7ee5cf25	1	2	3.14159265359	map0	order_b	pos_first	neg_then_pos	30
grp_00_4bfc26fe48a88347	run_d53e9f7442d4da1a	0	2	3.14159265359	map1	order_b	neg_first	pos_then_neg	31
grp_02_52d04fb211b13665	run_6e39e3d5976a5695	1	3	4.712388980385	map1	order_a	neg_first	neg_then_pos	32
grp_06_633970da91540328	run_92fdd7138c02110c	0	2	3.14159265359	map1	order_a	neg_first	pos_then_neg	33
grp_06_633970da91540328	run_763d795b3f149b25	0	1	1.570796326795	map1	order_b	pos_first	neg_then_pos	34
grp_07_b9c2d548cff6c451	run_e3046cc41adee2be	0	3	4.712388980385	map0	order_b	pos_first	pos_then_neg	35
grp_03_287d4b79bfbf43f9	run_435a4fd72080b88d	0	0	0.0	map1	order_a	pos_first	neg_then_pos	36
grp_06_633970da91540328	run_674236d424f0bce9	1	3	4.712388980385	map0	order_a	pos_first	pos_then_neg	37
grp_07_b9c2d548cff6c451	run_a47f252500d1af14	0	0	0.0	map0	order_a	pos_first	neg_then_pos	38
grp_04_5e768b20c101a193	run_ce109930b419d756	0	2	3.14159265359	map0	order_b	neg_first	pos_then_neg	39
grp_00_4bfc26fe48a88347	run_a59c8a758ce4f972	0	0	0.0	map1	order_b	neg_first	neg_then_pos	40
grp_02_52d04fb211b13665	run_d17a81c3644c372c	0	1	1.570796326795	map0	order_b	pos_first	pos_then_neg	41
grp_03_287d4b79bfbf43f9	run_9dcc8584e5e1a10d	1	0	0.0	map0	order_b	pos_first	pos_then_neg	42
grp_01_cc133f9b3c9e0c18	run_55c92613359d3d91	1	0	0.0	map1	order_b	neg_first	pos_then_neg	43
grp_00_4bfc26fe48a88347	run_42870748815091c8	0	1	1.570796326795	map0	order_a	neg_first	neg_then_pos	44
grp_05_c76e609d13a83a1a	run_0e1f698090192959	0	1	1.570796326795	map1	order_a	neg_first	pos_then_neg	45
grp_02_52d04fb211b13665	run_a76b881daa2c013d	1	1	1.570796326795	map1	order_a	pos_first	neg_then_pos	46
grp_02_52d04fb211b13665	run_a40d8f390ffac088	1	3	4.712388980385	map0	order_b	pos_first	neg_then_pos	47
grp_00_4bfc26fe48a88347	run_0241532071d6de6d	0	1	1.570796326795	map1	order_b	pos_first	neg_then_pos	48
grp_07_b9c2d548cff6c451	run_b2e2154f3023cf20	1	3	4.712388980385	map1	order_a	pos_first	neg_then_pos	49
grp_04_5e768b20c101a193	run_8feedbd6add66e39	1	0	0.0	map1	order_a	pos_first	neg_then_pos	50
grp_00_4bfc26fe48a88347	run_4dc1aa7968c6f4ef	1	1	1.570796326795	map0	order_a	neg_first	neg_then_pos	51
grp_01_cc133f9b3c9e0c18	run_5606331ae33c1d56	0	2	3.14159265359	map1	order_b	pos_first	pos_then_neg	52
grp_02_52d04fb211b13665	run_09dd12054956ec23	0	3	4.712388980385	map0	order_b	pos_first	neg_then_pos	53
grp_07_b9c2d548cff6c451	run_6453f4e2afa4e1ab	0	3	4.712388980385	map1	order_b	pos_first	pos_then_neg	54
grp_04_5e768b20c101a193	run_600ea4868a866043	0	3	4.712388980385	map0	order_a	neg_first	neg_then_pos	55
grp_04_5e768b20c101a193	run_5dbe80938d014b65	1	3	4.712388980385	map1	order_b	neg_first	neg_then_pos	56
grp_03_287d4b79bfbf43f9	run_7d8eef2bdf102d64	1	3	4.712388980385	map0	order_a	pos_first	pos_then_neg	57
grp_06_633970da91540328	run_ef4191ef5cbfa43a	1	0	0.0	map1	order_a	neg_first	pos_then_neg	58
grp_07_b9c2d548cff6c451	run_5a1e19958cd02328	1	1	1.570796326795	map0	order_b	neg_first	pos_then_neg	59
grp_01_cc133f9b3c9e0c18	run_84aebbde8dc22ac0	1	0	0.0	map0	order_a	pos_first	pos_then_neg	60
grp_00_4bfc26fe48a88347	run_261565281540bdb6	0	3	4.712388980385	map0	order_b	pos_first	pos_then_neg	61
grp_00_4bfc26fe48a88347	run_141a92c4c63251b3	1	3	4.712388980385	map0	order_a	pos_first	pos_then_neg	62
grp_06_633970da91540328	run_4b3a5ae30c6c4616	1	1	1.570796326795	map1	order_a	pos_first	neg_then_pos	63
grp_06_633970da91540328	run_24aa27afe2f627e6	1	0	0.0	map0	order_b	neg_first	pos_then_neg	64
grp_08_0d3d86f61709ad2b	run_1d48c9aef5246147	0	2	3.14159265359	map1	order_b	pos_first	pos_then_neg	65
grp_05_c76e609d13a83a1a	run_52be7b6589675190	1	0	0.0	map0	order_a	pos_first	neg_then_pos	66
grp_01_cc133f9b3c9e0c18	run_e3069f0c349f3cca	0	3	4.712388980385	map0	order_b	pos_first	pos_then_neg	67
grp_03_287d4b79bfbf43f9	run_c1eec9902a573ff6	1	3	4.712388980385	map1	order_b	pos_first	pos_then_neg	68
grp_08_0d3d86f61709ad2b	run_2fa00330a4816e53	1	1	1.570796326795	map0	order_b	pos_first	pos_then_neg	69
grp_01_cc133f9b3c9e0c18	run_d72f0b04dad4a1f7	0	0	0.0	map0	order_a	neg_first	neg_then_pos	70
grp_01_cc133f9b3c9e0c18	run_1405d63778b39b4a	1	1	1.570796326795	map0	order_b	pos_first	pos_then_neg	71
grp_07_b9c2d548cff6c451	run_d24fc3e525bfd93c	1	0	0.0	map1	order_a	neg_first	neg_then_pos	72
grp_05_c76e609d13a83a1a	run_c107b7b302d240d4	1	2	3.14159265359	map1	order_a	pos_first	pos_then_neg	73
grp_02_52d04fb211b13665	run_823e689e7f371a06	0	0	0.0	map0	order_a	pos_first	neg_then_pos	74
grp_03_287d4b79bfbf43f9	run_29fff409c4a24dbe	0	3	4.712388980385	map0	order_a	neg_first	neg_then_pos	75
grp_00_4bfc26fe48a88347	run_464f374ce3ed9412	0	2	3.14159265359	map0	order_a	neg_first	neg_then_pos	76
grp_04_5e768b20c101a193	run_471d8c2a81fd0ff6	1	2	3.14159265359	map0	order_a	pos_first	neg_then_pos	77
grp_07_b9c2d548cff6c451	run_b2637765f83da2f1	1	0	0.0	map0	order_a	pos_first	pos_then_neg	78
grp_00_4bfc26fe48a88347	run_70a337fc52e8e0d2	1	0	0.0	map0	order_a	pos_first	pos_then_neg	79
grp_08_0d3d86f61709ad2b	run_94bb848dd1258958	0	3	4.712388980385	map1	order_a	neg_first	pos_then_neg	80
grp_01_cc133f9b3c9e0c18	run_b2f97cfbc2ce36c9	1	2	3.14159265359	map0	order_a	neg_first	neg_then_pos	81
grp_00_4bfc26fe48a88347	run_1f81403a7ab4c390	1	2	3.14159265359	map0	order_a	pos_first	neg_then_pos	82
grp_02_52d04fb211b13665	run_77d20445900d72a3	0	2	3.14159265359	map0	order_a	neg_first	pos_then_neg	83
grp_05_c76e609d13a83a1a	run_5be65e4004078210	0	0	0.0	map0	order_a	pos_first	neg_then_pos	84
grp_05_c76e609d13a83a1a	run_5b65826db3fb2088	1	0	0.0	map1	order_a	neg_first	neg_then_pos	85
grp_05_c76e609d13a83a1a	run_edc178814ce6acc0	0	0	0.0	map1	order_a	pos_first	pos_then_neg	86
grp_03_287d4b79bfbf43f9	run_4048ab6d7faeb9fd	0	2	3.14159265359	map0	order_a	pos_first	pos_then_neg	87
grp_06_633970da91540328	run_698d01b43848b223	0	1	1.570796326795	map0	order_a	neg_first	pos_then_neg	88
grp_08_0d3d86f61709ad2b	run_d6e7b0c9c19b9875	0	1	1.570796326795	map0	order_a	pos_first	pos_then_neg	89
grp_03_287d4b79bfbf43f9	run_2e7d6a1d12ae8b55	0	3	4.712388980385	map1	order_a	neg_first	neg_then_pos	90
grp_01_cc133f9b3c9e0c18	run_5f34e5f4c8d024a3	1	1	1.570796326795	map1	order_a	neg_first	pos_then_neg	91
grp_01_cc133f9b3c9e0c18	run_604ec7b41edb3479	1	3	4.712388980385	map1	order_a	pos_first	pos_then_neg	92
grp_03_287d4b79bfbf43f9	run_c5d9e30f082bbec9	1	1	1.570796326795	map1	order_b	neg_first	pos_then_neg	93
grp_05_c76e609d13a83a1a	run_04d0648390f9d320	0	2	3.14159265359	map0	order_a	pos_first	neg_then_pos	94
grp_04_5e768b20c101a193	run_1abfc4eec45feb65	0	0	0.0	map0	order_b	pos_first	pos_then_neg	95
grp_08_0d3d86f61709ad2b	run_c00404ea879c92a0	0	0	0.0	map1	order_a	pos_first	neg_then_pos	96
grp_05_c76e609d13a83a1a	run_63739aba9144f3ff	1	3	4.712388980385	map0	order_a	pos_first	neg_then_pos	97
grp_04_5e768b20c101a193	run_62a9cd0000d7ee6f	1	1	1.570796326795	map1	order_a	neg_first	pos_then_neg	98
grp_04_5e768b20c101a193	run_13aef5ca941808e9	1	0	0.0	map0	order_b	pos_first	neg_then_pos	99
grp_06_633970da91540328	run_0e5f1be30d243340	1	3	4.712388980385	map1	order_a	neg_first	pos_then_neg	100
grp_03_287d4b79bfbf43f9	run_559e6343d41bd821	1	2	3.14159265359	map0	order_a	pos_first	pos_then_neg	101
grp_08_0d3d86f61709ad2b	run_e9c71f301315e846	1	3	4.712388980385	map1	order_a	neg_first	pos_then_neg	102
grp_00_4bfc26fe48a88347	run_5a0ad805fea3d750	0	3	4.712388980385	map1	order_a	neg_first	neg_then_pos	103
grp_04_5e768b20c101a193	run_747c7318bfe6468b	0	1	1.570796326795	map1	order_b	pos_first	neg_then_pos	104
grp_02_52d04fb211b13665	run_59f99f78e8151bd9	1	0	0.0	map0	order_a	pos_first	pos_then_neg	105
grp_05_c76e609d13a83a1a	run_ad9d5a77e4f9a00c	0	1	1.570796326795	map0	order_a	pos_first	pos_then_neg	106
grp_05_c76e609d13a83a1a	run_9600161d60c2d27a	0	3	4.712388980385	map1	order_a	neg_first	neg_then_pos	107
grp_04_5e768b20c101a193	run_73c3da2627a8fa0a	1	1	1.570796326795	map0	order_b	pos_first	neg_then_pos	108
grp_07_b9c2d548cff6c451	run_f1da209b63ff58b8	0	1	1.570796326795	map0	order_a	pos_first	pos_then_neg	109
grp_06_633970da91540328	run_887a9060d7b1f1f0	1	2	3.14159265359	map0	order_b	neg_first	neg_then_pos	110
grp_01_cc133f9b3c9e0c18	run_c91624ff1b95032b	0	1	1.570796326795	map1	order_b	neg_first	neg_then_pos	111
grp_07_b9c2d548cff6c451	run_e5944b65be930038	1	3	4.712388980385	map0	order_a	neg_first	neg_then_pos	112
grp_03_287d4b79bfbf43f9	run_12d6de33875499d0	0	2	3.14159265359	map1	order_b	neg_first	neg_then_pos	113
grp_01_cc133f9b3c9e0c18	run_30efaf16340f918b	1	3	4.712388980385	map0	order_b	neg_first	neg_then_pos	114
grp_08_0d3d86f61709ad2b	run_a576dd9423d518e8	0	3	4.712388980385	map0	order_b	pos_first	pos_then_neg	115
grp_00_4bfc26fe48a88347	run_152d52e1c72b6fbc	1	1	1.570796326795	map1	order_a	pos_first	pos_then_neg	116
grp_04_5e768b20c101a193	run_1af0882cd366f969	0	1	1.570796326795	map0	order_b	pos_first	neg_then_pos	117
grp_06_633970da91540328	run_0f7acaa2b3512f88	0	3	4.712388980385	map1	order_a	pos_first	neg_then_pos	118
grp_05_c76e609d13a83a1a	run_845e82cf62cfb76e	1	1	1.570796326795	map0	order_a	pos_first	neg_then_pos	119
grp_03_287d4b79bfbf43f9	run_40cffba8aae69057	1	1	1.570796326795	map0	order_a	pos_first	pos_then_neg	120
grp_01_cc133f9b3c9e0c18	run_461f8062e681c990	0	0	0.0	map1	order_b	pos_first	neg_then_pos	121
grp_08_0d3d86f61709ad2b	run_82b8fe8204bbd469	0	2	3.14159265359	map0	order_a	neg_first	neg_then_pos	122
grp_03_287d4b79bfbf43f9	run_1baace9be59f6922	0	1	1.570796326795	map1	order_a	pos_first	pos_then_neg	123
grp_05_c76e609d13a83a1a	run_02dc7d7d0d3768df	1	1	1.570796326795	map1	order_a	pos_first	pos_then_neg	124
grp_06_633970da91540328	run_58db43ce199302c6	1	2	3.14159265359	map1	order_b	pos_first	neg_then_pos	125
grp_07_b9c2d548cff6c451	run_01df5baa9f555492	1	2	3.14159265359	map0	order_a	pos_first	neg_then_pos	126
grp_07_b9c2d548cff6c451	run_46d79612f0500e9e	0	2	3.14159265359	map0	order_a	pos_first	neg_then_pos	127
grp_06_633970da91540328	run_4b6d9c806729b61f	0	0	0.0	map0	order_a	neg_first	neg_then_pos	128
grp_01_cc133f9b3c9e0c18	run_55577f93984e4a50	0	2	3.14159265359	map0	order_b	neg_first	neg_then_pos	129
grp_01_cc133f9b3c9e0c18	run_00b0d21f76509909	0	1	1.570796326795	map0	order_a	pos_first	neg_then_pos	130
grp_04_5e768b20c101a193	run_8cc9dba8a8e91338	0	0	0.0	map1	order_b	neg_first	neg_then_pos	131
grp_04_5e768b20c101a193	run_326c69d77e71fa50	0	2	3.14159265359	map1	order_b	pos_first	pos_then_neg	132
grp_06_633970da91540328	run_cae19b35f206a600	1	1	1.570796326795	map0	order_a	pos_first	pos_then_neg	133
grp_00_4bfc26fe48a88347	run_9a07718c3b664412	1	2	3.14159265359	map1	order_a	neg_first	neg_then_pos	134
grp_05_c76e609d13a83a1a	run_1bd25301459da6ae	1	2	3.14159265359	map0	order_a	neg_first	neg_then_pos	135
grp_08_0d3d86f61709ad2b	run_863302c8c9a677da	1	2	3.14159265359	map0	order_b	pos_first	pos_then_neg	136
grp_06_633970da91540328	run_cac751733b8f2dc8	0	0	0.0	map1	order_a	pos_first	pos_then_neg	137
grp_02_52d04fb211b13665	run_a8097e2748e76b30	1	0	0.0	map1	order_a	neg_first	pos_then_neg	138
grp_08_0d3d86f61709ad2b	run_1c7ad91f9b2b1086	0	1	1.570796326795	map1	order_b	pos_first	pos_then_neg	139
grp_06_633970da91540328	run_b585552d9dd228b2	0	3	4.712388980385	map0	order_a	neg_first	neg_then_pos	140
grp_02_52d04fb211b13665	run_1a4a862ed818ef7e	0	3	4.712388980385	map1	order_a	neg_first	pos_then_neg	141
grp_04_5e768b20c101a193	run_486c0c62e4a18db5	1	2	3.14159265359	map1	order_a	pos_first	pos_then_neg	142
grp_04_5e768b20c101a193	run_a365fb289df5d51b	0	3	4.712388980385	map1	order_b	neg_first	pos_then_neg	143
